Last Name,First Name,Institution,full_name
Bibb,James,UA,James Bibb
Chiamvimonvat,Nipavan,UA,Nipavan Chiamvimonvat
Daines,Michael,UA,Michael Daines
Kalin,Tatiana,UA,Tatiana Kalin
Luo,Moulun,UA,Moulun Luo
Yin,Liya,UA,Liya Yin
Zhang,Yanqiao,UA,Yanqiao Zhang
Rangasamy,Sampath,ASU,Sampath Rangasamy
Pizziconi,Vincent,ASU,Vincent Pizziconi
Castillo,Eliseo,UNM,Eliseo Castillo
Clark,f,UNM,f Clark
Deyhle,Michael,UNM,Michael Deyhle
Gardiner,Amy,UNM,Amy Gardiner
Swamidoss,Finny,UNM,Finny Swamidoss
Rogers,Kathleen,UA,Kathleen Rogers
Shekarriz,Reza,UNM,Reza Shekarriz
Thomas,Marylaura,ASU,Marylaura Thomas
Banerjee,Ronaldip,UA,Ronaldip Banerjee
Camey,Megan,UA,Megan Camey
