Last Name,First Name,Institution
STERN,JENNIFER HELENE,UA
RODGERS,KATHLEEN E.,UA
WEINKAUF,CRAIG C,UA
GURTNER,GEOFFREY C,UA
BRINTON,ROBERTA EILEEN,UA
STERN,JENNIFER HELENE,UA
KIELA,PAWEL R,UA
WERTHEIM,JASON A,UA
KAELBERER,MELANIE MAYA,UA
WONDISFORD,FREDRIC E.,UA
WONDISFORD,FREDRIC E.,UA
WILSON,JEAN M,UA
GURTNER,GEOFFREY C,UA
WERTHEIM,JASON A,UA
KIELA,PAWEL R,UA
DOLL,CHELSEA LOUISE,UA
RENQUIST,BENJAMIN JENNINGS,UA
LIMESAND,SEAN W,UA
GURTNER,GEOFFREY C,UA
SNIDER,ASHLEY JONES,UA
PETRULLO,LAUREN,UA
LEE,NAM Y,UA
KO,RANDY,UNM
SHEKARRIZ,REZA,UNM
BALNE,PRAVEEN K,UNM
DERETIC,VOJO P,UNM
LABAER,JOSHUA,ASU
SI,BING,ASU
OWOLABI,EYITAYO OMOLARA,ASU
PEREZ,MARISOL,ASU
