Name,Institution
"STERN, JENNIFER HELENE",UA
"RODGERS, KATHLEEN E.",UA
"WEINKAUF, CRAIG C",UA
"GURTNER, GEOFFREY C",UA
"BAILEY, E. FIONA",UA
"BRINTON, ROBERTA EILEEN",UA
"STERN, JENNIFER HELENE",UA
"KIELA, PAWEL R",UA
"WERTHEIM, JASON A",UA
"ZHANG, YANQIAO",UA
"KAELBERER, MELANIE MAYA",UA
"WONDISFORD, FREDRIC E.",UA
"WONDISFORD, FREDRIC E.",UA
"WILSON, JEAN M",UA
"GURTNER, GEOFFREY C",UA
"WERTHEIM, JASON A",UA
"FARR, JOSHUA NICHOLAS",UA
"KIELA, PAWEL R",UA
"DOLL, CHELSEA LOUISE",UA
"RENQUIST, BENJAMIN JENNINGS",UA
"GALLIGAN, JAMES J",UA
"LIMESAND, SEAN W",UA
"CAI, HAIJIANG",UA
"HINGLE, MELANIE DANIELA",UA
"GURTNER, GEOFFREY C",UA
"SNIDER, ASHLEY JONES",UA
"PETRULLO, LAUREN",UA
"LEE, NAM Y",UA
"ZHANG, YANQIAO",UA
"ARDEHALI, HOSSEIN",UA
"YIN, LIYA",UA
"ARDEHALI, HOSSEIN",UA
"KO, RANDY",UA
"LIU, MEILIAN",UA
"SHEKARRIZ, REZA",UA
"ENDICOTT, SAMUEL JOSEPH",UA
"BALNE, PRAVEEN K",UA
"DERETIC, VOJO P",UA
"PU, JING",UA
"LABAER, JOSHUA",UA
"SHAIBI, GABRIEL QUANTUM",UA
"MANA, MIYEKO",UA
"LABAER, JOSHUA",UA
"KIM, MIN HYUN",UA
"SI, BING",UA
"OYEYEMI, ADEWALE",UA
"JOSEPH, RODNEY",UA
"OWOLABI, EYITAYO OMOLARA",UA
"PEREZ, MARISOL",UA
"Baier, Leslie",UA
"Hanson, Robert C.",UA
