First Name,Last Name,Institution
Hossein,Ardehali,University of Arizona
Christos,Argyopoulos,University of New Mexico Health Sciences
E. FIONA,BAILEY,UA
PRAVEEN K,BALNE,UNM
ROBERTA EILEEN,BRINTON,UA
Leslie,Baier,NIDDK
Praveen,Balne,University of New Mexico Health Sciences
Ronaldip,Banerjee,University of Arizona
Jennifer,Barton,University of Arizona
James,Bibb,University of Arizona
Geoffrey,Block,University of Arizona
Haijiang,Cai,University of Arizona
Megan,Camey,University of Arizona
Stephanie,Carpenter,Arizona State University
Bryce,Chackerian,University of New Mexico Health Sciences
Nipavan,Chiamvimonvat,University of Arizona
Ross,Clark,University of New Mexico Health Sciences
VOJO P,DERETIC,UNM
CHELSEA LOUISE,DOLL,UA
Michael,Daines,University of Arizona
Arup,Das,University of New Mexico Health Sciences
Shirin,Doroudgar,University of Arizona
Erika,Eggers,University of Arizona
Samuel Joseph,Endicott,University of New Mexico Health Sciences
Elisa,Erickson,University of Arizona
Joshua Nicholas,Farr,University of Arizona
James J,Galligan,University of Arizona
Amy,Gardiner,University of Arizona
Geoffrey C,Gurtner,University of Arizona
MELANIE DANIELA,HINGLE,UA
Julie,Hammett,Arizona State University
Robert C.,Hanson,NIDDK
Lisa,Hofler,University of New Mexico Health Sciences
Pamela,Hsu,University of New Mexico Health Sciences
Christopher,Hulme,University of Arizona
RODNEY,JOSEPH,ASU
Nikki,Jernigan,University of New Mexico Health Sciences
Ting,Jiang,University of New Mexico Health Sciences
PAWEL R,KIELA,UA
RANDY,KO,UNM
Melanie Maya,Kaelberer,University of Arizona
Tatiana,Kalin,University of Arizona
Yun,Kang,Arizona State University
Christos,Katsanos,Arizona State University
Vivek,Katukuri,University of New Mexico Health Sciences
John,Kececioglu,University of Arizona
Min Hyun,Kim,Arizona State University
JOSHUA,LABAER,ASU
MEILIAN,LIU,UNM
Olivia,Lanier,University of New Mexico Health Sciences
Matthew,Lapierre,University of Arizona
Nam Y,Lee,University of Arizona
Gondy,Leroy,University of Arizona
Haiquan,Li,University of Arizona
Hongmin,Li,University of Arizona
Sean W,Limesand,University of Arizona
Moulun,Luo,University of Arizona
Daniel,Machin,University of New Mexico Health Sciences
Miyeko,Mana,Arizona State University
Diego,Mastroeni,Arizona State University
Jordon,Miller,Arizona State University
Carol,Moffet,Arizona State University
ADEWALE,OYEYEMI,ASU
Eyitayo Omolara,Owolabi,Arizona State University
MARISOL,PEREZ,ASU
JING,PU,UNM
Michelle,Perfect,University of Arizona
David,Perkins,University of New Mexico Health Sciences
Lauren,Petrullo,University of Arizona
Vin,Pizziconi,Arizona State University
Olga,Ponomarova,University of New Mexico Health Sciences
Allison,Poulos,Arizona State University
KATHLEEN E.,RODGERS,UA
Susan,Racette,Arizona State University
Sampath,Rangasamy,Arizona State University
Benjamin Jennings,Renquist,University of Arizona
Joesph,Roberts,Arizona State University
Robert,Root,University of Arizona
Rowza,Rumma,University of New Mexico Health Sciences
ASHLEY JONES,SNIDER,UA
Federico,Sanabria,Arizona State University
Gabriel Quantum,Shaibi,Arizona State University
Reza,Shekarriz,University of New Mexico Health Sciences
Bill,Shuttleworh,University of New Mexico Health Sciences
Bing,Si,Arizona State University
Shang,Song,University of Arizona
Jennifer Helene,Stern,University of Arizona
Thomas,Sugar,Arizona State University
Xiaoxiao,Sun,University of Arizona
George,Sutphin,University of Arizona
Finny,Swamidoss,University of New Mexico Health Sciences
Stacey,Tecot,University of Arizona
Marylaura,Thomas,Arizona State University
Michael,Todd,Arizona State University
Henry,Tseng,Arizona State University
Arul Mozhy,Vaman,Arizona State University
Srinivasan,Vedantham,University of Arizona
CRAIG C,WEINKAUF,UA
JEAN M,WILSON,UA
FREDRIC E.,WONDISFORD,UA
Kuei-Chun,Wang,Arizona State University
Shu,Wang,Arizona State University
Jason A,Wertheim,University of Arizona
Karin,Westlund High,University of New Mexico Health Sciences
Ken,Wilund,University of Arizona
Fredric,Wondisford,University of Arizona
Jing,Wu,University of Arizona
LIYA,YIN,UA
Christina,Yarrington,University of New Mexico Health Sciences
YANQIAO,ZHANG,UA
Chi,Zhou,University of Arizona
